8827 Alex Alex1124@user.bank 01160038757 23581 0 46 63116715 0
2912 Andy Andy316@user.bank 01132623718 2169 0 39 6396232 0
1741 Bernie Bernie1723@user.bank 01110652447 9023 0 40 64591019 0
4548 Casey Casey410@user.bank 01157501050 24693 0 42 648242418 0
5115 Cory Cory232@user.bank 01132203634 5133 0 42 675182221 0
1636 Darcy Darcy142@user.bank 01178184388 9461 0 31 65414153 0
9909 Fran Fran1115@user.bank 01172753227 15245 0 44 65141415 0
5041 Jamie Jamie2023@user.bank 01106452452 27895 0 24 67116227 0
1467 Joseph Joseph1014@user.bank 01120051672 18427 0 49 64112722 0
3008 Louis Louis2218@user.bank 01166105423 6524 0 44 65892411 0
3798 Matthew Matthew410@user.bank 01158776641 19889 0 22 65712125 0
5646 Michael Michael148@user.bank 01133072281 20628 0 36 63921716 0
3510 Patrick Patrick51@user.bank 01170600546 2900 0 53 65401815 0
9189 Andrea Andrea918@user.bank 01175750105 26021 0 55 6772310 0
9437 Benjamina Benjamina2122@user.bank 01148432473 22849 0 30 65811225 0
3053 Blair Blair2317@user.bank 01117022583 31485 0 56 6481622 0
4659 Cecilia Cecilia1914@user.bank 01132808063 12344 0 47 64713612 0
5414 Eugenia Eugenia107@user.bank 01187808338 26777 0 46 6742194 0
8627 Jemima Jemima823@user.bank 01127746845 29513 0 21 6574925 0
8900 Jessica Jessica1012@user.bank 01181155388 13364 0 27 62011119 0
4694 Lona Lona1718@user.bank 01151372145 26876 0 26 66320203 0
4227 Olivia Olivia825@user.bank 01140476061 9876 0 56 6617204 0

